,Accuracy,Precision,Recall,F1 Score,AUC-ROC
Random_Forest,0.663,0.3116883116883117,0.35668789808917195,0.3326732673267327,0.6111344855788791
XGBoost,0.6375,0.3015625,0.40976645435244163,0.34743474347434744,0.580857838338478
Logistic_Regression,0.5585,0.2741228070175439,0.5307855626326964,0.3615328994938539,0.5646058717588754
