,Accuracy,Precision,Recall,F1 Score,AUC-ROC
XGBoost_SMOTE,0.7635,0.375,0.006369426751592357,0.012526096033402923,0.5582156162736285
